R_e,V_e,inc,T_p,pa
3.229546812070865,355.3821222169686,56.22872726757305,10549.079276472225,91.85433974776912
